x,y,z
0.00,28.00,0.00
4.95,30.11,0.00
9.99,32.15,0.00
15.12,34.11,0.00
20.34,36.01,0.00
25.63,37.84,0.00
31.00,39.60,0.00
36.44,41.29,0.00
41.95,42.90,0.00
47.51,44.45,0.00
53.13,45.93,0.00
58.79,47.34,0.00
64.50,48.68,0.00
70.25,49.94,0.00
76.03,51.14,0.00
81.85,52.27,0.00
87.68,53.33,0.00
93.53,54.32,0.00
99.40,55.24,0.00
105.27,56.08,0.00
111.15,56.86,0.00
117.03,57.57,0.00
122.89,58.21,0.00
128.75,58.78,0.00
134.59,59.28,0.00
140.40,59.71,0.00
146.19,60.06,0.00
151.95,60.35,0.00
157.67,60.57,0.00
163.34,60.72,0.00
168.97,60.80,0.00
174.54,60.81,0.00
180.06,60.75,0.00
185.51,60.62,0.00
190.90,60.41,0.00
196.21,60.14,0.00
201.44,59.80,0.00
206.59,59.39,0.00
211.65,58.91,0.00
216.62,58.36,0.00
221.49,57.74,0.00
226.25,57.05,0.00
230.90,56.29,0.00
235.44,55.45,0.00
239.86,54.55,0.00
244.16,53.58,0.00
248.33,52.54,0.00
252.36,51.43,0.00
256.25,50.25,0.00
260.00,49.00,0.00
